{"cameraMode":{"drawMode":0,"name":"Shaded","section":"Shading Mode"},"sceneLighting":true,"audioPlay":false,"sceneViewState":{"m_AlwaysRefresh":false,"showFog":true,"showSkybox":true,"showFlares":true,"showImageEffects":true,"showParticleSystems":true,"showVisualEffectGraphs":true,"m_FxEnabled":true},"in2DMode":false,"pivot":{"x":387.1922912597656,"y":52.825721740722659,"z":392.58624267578127},"rotation":{"x":0.01827106811106205,"y":-0.9817240834236145,"z":0.13574214279651643,"w":0.13214021921157838},"size":80.46919250488281,"orthographic":true}